City_ID,City,Country,Date,Lat,Lng,Max Temp,Humidity,Cloudiness,Wind Speed
0,Castro,BR,2022-05-08 23:59:59,-24.7911,-50.0119,52.09,97,2,6.78
1,Katsuura,JP,2022-05-09 00:00:00,35.1333,140.3,57.22,76,98,11.63
2,Busselton,AU,2022-05-09 00:00:00,-33.65,115.3333,57.83,79,1,2.37
3,Ixtapa,MX,2022-05-08 23:58:40,20.7,-105.2,78.22,75,74,5.01
4,Pisco,PE,2022-05-09 00:00:01,-13.7,-76.2167,66.02,90,37,3.76
5,Cabo San Lucas,MX,2022-05-08 23:59:55,22.8909,-109.9124,88.61,59,82,16.58
6,Hobart,AU,2022-05-08 23:55:24,-42.8794,147.3294,52.27,81,20,11.5
7,Isangel,VU,2022-05-09 00:00:02,-19.55,169.2667,78.76,61,31,15.61
8,Pontianak,ID,2022-05-09 00:00:03,-0.0333,109.3333,75.18,94,20,5.75
9,Oranjemund,NA,2022-05-09 00:00:04,-28.55,16.4333,55.38,75,71,7.4
10,Atuona,PF,2022-05-09 00:00:06,-9.8,-139.0333,78.75,76,1,14.81
11,Barrow,US,2022-05-09 00:00:08,71.2906,-156.7887,30.87,86,66,10.07
12,Jijiga,ET,2022-05-09 00:00:09,9.35,42.8,64.29,36,64,0.4
13,Leningradskiy,RU,2022-05-09 00:00:13,69.3833,178.4167,28.89,87,100,11.97
14,Mataura,NZ,2022-05-09 00:00:21,-46.1927,168.8643,55.47,94,99,2.13
15,Kichmengskiy Gorodok,RU,2022-05-09 00:00:23,59.9816,45.7854,48.09,93,99,7.67
16,Oktyabrskoye,RU,2022-05-09 00:00:26,43.0645,44.7417,44.74,93,100,2.24
17,Avarua,CK,2022-05-09 00:00:33,-21.2078,-159.775,81.18,77,57,12.33
18,Narsaq,GL,2022-05-09 00:00:40,60.9167,-46.05,50.22,84,78,2.89
19,Westport,US,2022-05-09 00:00:41,41.1415,-73.3579,55.27,37,100,7.0
20,Merauke,ID,2022-05-09 00:00:45,-8.4667,140.3333,83.53,82,100,8.52
21,Bathsheba,BB,2022-05-09 00:00:49,13.2167,-59.5167,79.05,78,48,13.15
22,Tecoanapa,MX,2022-05-09 00:00:50,16.5167,-98.75,84.15,59,77,7.9
23,Cape Town,ZA,2022-05-09 00:00:51,-33.9258,18.4232,56.12,89,100,2.3
24,Verkhnevilyuysk,RU,2022-05-09 00:00:52,63.4453,120.3167,34.23,85,98,10.02
25,Seoul,KR,2022-05-08 23:57:11,37.5683,126.9778,58.57,65,0,3.44
26,Aklavik,CA,2022-05-09 00:00:52,68.2191,-135.0107,45.09,65,21,6.67
27,Houston,US,2022-05-09 00:00:37,29.7633,-95.3633,88.34,71,75,20.71
28,Rikitea,PF,2022-05-09 00:00:53,-23.1203,-134.9692,76.21,76,61,18.61
29,Mount Darwin,ZW,2022-05-09 00:00:54,-16.7725,31.5838,63.27,74,50,2.26
30,Georgetown,MY,2022-05-09 00:00:54,5.4112,100.3354,82.33,78,20,2.3
31,Veraval,IN,2022-05-09 00:00:55,20.9,70.3667,80.65,80,1,16.17
32,Puerto Ayora,EC,2022-05-09 00:00:55,-0.7393,-90.3518,72.95,84,71,8.46
33,Tuktoyaktuk,CA,2022-05-09 00:00:56,69.4541,-133.0374,36.0,91,66,12.28
34,Inirida,CO,2022-05-08 23:58:02,3.8653,-67.9239,74.61,94,42,0.98
35,Vaini,TO,2022-05-09 00:00:56,-21.2,-175.2,75.88,68,56,16.58
36,Codrington,AU,2022-05-09 00:00:57,-38.2667,141.9667,54.63,70,56,5.88
37,Punta Arenas,CL,2022-05-09 00:00:49,-53.15,-70.9167,42.12,81,43,24.16
38,Ushuaia,AR,2022-05-09 00:00:39,-54.8,-68.3,36.84,94,39,6.4
39,Bardiyah,LY,2022-05-09 00:00:58,31.7561,25.0865,62.74,89,0,23.13
40,Lasa,IT,2022-05-09 00:00:59,46.6166,10.7002,48.36,98,99,1.66
41,Clyde River,CA,2022-05-09 00:00:59,70.4692,-68.5914,20.43,89,45,3.18
42,Erdenet,MN,2022-05-09 00:01:00,49.0333,104.0833,33.66,69,96,5.77
43,Chimbote,PE,2022-05-09 00:01:00,-9.0853,-78.5783,63.7,91,90,9.57
44,Kasongo-Lunda,CD,2022-05-09 00:01:01,-6.4667,16.8167,73.11,81,39,1.54
45,Albany,US,2022-05-09 00:00:17,42.6001,-73.9662,61.45,59,100,4.21
46,Lavrentiya,RU,2022-05-09 00:01:02,65.5833,-171.0,33.89,91,100,7.72
47,Padang,ID,2022-05-09 00:00:35,-0.9492,100.3543,75.25,79,90,2.75
48,Hilo,US,2022-05-09 00:00:54,19.7297,-155.09,91.27,90,45,5.99
49,Santiago Del Estero,AR,2022-05-09 00:02:03,-27.7951,-64.2615,66.99,59,93,3.69
50,Seydi,TM,2022-05-09 00:02:03,39.4816,62.9137,79.36,42,85,14.79
51,Talnakh,RU,2022-05-09 00:02:04,69.4865,88.3972,18.21,94,90,10.65
52,Usak,TR,2022-05-09 00:02:04,38.5,29.4167,51.98,55,81,5.86
53,Camana,PE,2022-05-09 00:02:05,-16.6228,-72.7111,66.34,86,24,10.45
54,Vila Velha,BR,2022-05-09 00:02:06,-20.3297,-40.2925,72.1,83,3,11.41
55,Saint-Augustin,CA,2022-05-09 00:02:06,51.226,-58.6502,38.91,73,97,6.04
56,Imbituba,BR,2022-05-08 23:59:27,-28.24,-48.6703,62.24,82,0,8.19
57,Abhar,IR,2022-05-09 00:02:07,36.1468,49.218,46.89,73,67,5.99
58,Esperance,AU,2022-05-09 00:02:08,-33.8667,121.9,61.45,51,1,7.58
59,Flinders,AU,2022-05-09 00:01:12,-34.5833,150.8552,60.19,89,90,5.01
60,Laguna,US,2022-05-09 00:02:08,38.421,-121.4238,65.75,32,0,20.71
61,Kargasok,RU,2022-05-09 00:02:09,59.0556,80.8572,35.71,59,17,3.18
62,Port Alfred,ZA,2022-05-09 00:02:10,-33.5906,26.891,61.25,81,99,9.24
63,Airai,TL,2022-05-09 00:02:10,-8.9266,125.4092,66.13,71,37,5.53
64,Khatanga,RU,2022-05-09 00:02:11,71.9667,102.5,9.81,93,33,10.56
65,Hualmay,PE,2022-05-09 00:02:12,-11.0964,-77.6139,64.76,90,73,8.66
66,Tatawin,TN,2022-05-09 00:02:12,32.9297,10.4518,64.04,55,47,4.12
67,Mayachnyy,RU,2022-05-09 00:02:13,52.6839,55.685,48.27,41,100,7.72
68,Praia Da Vitoria,PT,2022-05-09 00:02:13,38.7333,-27.0667,60.76,81,49,2.28
69,Samarai,PG,2022-05-09 00:02:14,-10.6167,150.6667,83.86,78,47,14.05
70,Sovetskiy,RU,2022-05-09 00:02:14,61.3614,63.5842,43.43,78,14,5.97
71,Haines Junction,CA,2022-05-09 00:02:15,60.7522,-137.5108,43.02,89,11,1.28
72,Kirakira,SB,2022-05-09 00:02:15,-10.4544,161.9205,84.97,73,77,13.09
73,Jamestown,US,2022-05-09 00:02:16,42.097,-79.2353,62.24,23,0,4.61
74,Hithadhoo,MV,2022-05-09 00:02:16,-0.6,73.0833,80.19,86,100,20.07
75,Voi,KE,2022-05-09 00:02:17,-3.3945,38.563,70.36,89,95,6.58
76,Campo Grande,BR,2022-05-08 23:58:04,-20.4428,-54.6464,69.35,52,0,5.75
77,Butaritari,KI,2022-05-09 00:02:18,3.0707,172.7902,81.99,77,13,18.92
78,Srednekolymsk,RU,2022-05-09 00:02:19,67.45,153.6833,34.25,94,34,9.33
79,Buston,TJ,2022-05-09 00:02:19,40.2342,69.6948,66.38,59,2,2.24
80,Hermanus,ZA,2022-05-09 00:01:57,-34.4187,19.2345,57.94,75,98,3.29
81,Matay,EG,2022-05-09 00:02:20,28.419,30.7792,79.48,19,64,7.14
82,Los Llanos De Aridane,ES,2022-05-09 00:02:20,28.6585,-17.9182,60.55,77,0,11.5
83,Ribeira Grande,PT,2022-05-09 00:02:21,38.5167,-28.7,62.91,84,48,5.77
84,Pangkalanbuun,ID,2022-05-09 00:02:21,-2.6833,111.6167,75.24,97,100,0.72
85,Thompson,CA,2022-05-09 00:02:22,55.7435,-97.8558,57.54,52,51,8.1
86,Kaitangata,NZ,2022-05-09 00:02:22,-46.2817,169.8464,55.24,85,92,2.26
87,Whitehorse,CA,2022-05-09 00:02:23,60.7161,-135.0538,44.02,83,17,4.7
88,Korop,UA,2022-05-09 00:02:24,51.5664,32.9586,51.73,95,75,5.95
89,Ulladulla,AU,2022-05-09 00:02:24,-35.35,150.4667,59.77,70,65,9.04
90,Mangrol,IN,2022-05-09 00:02:25,21.1167,70.1167,80.47,79,3,14.29
91,Puerto Escondido,MX,2022-05-09 00:02:25,15.85,-97.0667,85.21,61,74,6.78
92,Tasiilaq,GL,2022-05-09 00:03:26,65.6145,-37.6368,33.96,66,99,0.98
93,Kapaa,US,2022-05-09 00:03:27,22.0752,-159.319,82.38,79,51,5.01
94,Cururupu,BR,2022-05-08 23:59:25,-1.8283,-44.8683,73.81,97,97,1.28
95,Vanavara,RU,2022-05-09 00:03:27,60.34,102.2797,26.37,82,100,8.86
96,Lebowakgomo,ZA,2022-05-09 00:03:28,-24.2,29.5,39.65,63,28,2.64
97,Opelika,US,2022-05-09 00:03:28,32.6454,-85.3783,72.81,60,0,9.22
98,Abu Samrah,SY,2022-05-09 00:03:29,35.3029,37.1841,59.14,55,6,3.85
99,Lagoa,PT,2022-05-09 00:03:30,39.05,-27.9833,61.52,83,68,9.4
100,Mandalgovi,MN,2022-05-09 00:03:30,45.7625,106.2708,40.73,70,37,28.19
101,Muli,MV,2022-05-09 00:03:31,2.9167,73.5667,83.75,78,100,20.0
102,Kalmunai,LK,2022-05-09 00:03:32,7.4167,81.8167,80.69,79,97,5.17
103,Matara,LK,2022-05-09 00:03:32,5.9485,80.5353,80.85,88,89,14.0
104,Sulangan,PH,2022-05-09 00:03:33,11.1373,123.7228,82.36,73,89,12.88
105,Noumea,NC,2022-05-09 00:03:33,-22.2763,166.4572,77.0,99,100,10.22
106,Maridi,SS,2022-05-09 00:03:34,4.9158,29.4742,67.51,98,99,4.38
107,Qaanaaq,GL,2022-05-09 00:02:07,77.484,-69.3632,21.97,73,100,4.43
108,Saint George,US,2022-05-09 00:03:35,37.1041,-113.5841,83.25,9,0,40.29
109,Mahebourg,MU,2022-05-09 00:01:49,-20.4081,57.7,71.26,84,29,7.47
110,Saint-Philippe,RE,2022-05-09 00:03:36,-21.3585,55.7679,71.19,83,34,7.87
111,Nara,JP,2022-05-09 00:00:15,34.6851,135.8049,59.5,41,99,5.37
112,Provideniya,RU,2022-05-09 00:03:36,64.3833,-173.3,33.24,95,81,10.94
113,Pozhva,RU,2022-05-09 00:03:37,59.0912,56.0847,41.52,79,13,5.91
114,San Policarpo,PH,2022-05-09 00:01:50,12.1791,125.5072,83.23,71,73,10.76
115,Antofagasta,CL,2022-05-09 00:00:07,-23.65,-70.4,60.08,86,16,3.42
116,Saskylakh,RU,2022-05-09 00:03:38,71.9167,114.0833,10.74,93,90,13.62
117,Sungairaya,ID,2022-05-09 00:03:38,0.7,108.9,79.41,84,100,6.42
118,Bredasdorp,ZA,2022-05-09 00:03:39,-34.5322,20.0403,55.67,81,100,4.34
119,Bethel,US,2022-05-09 00:03:39,41.3712,-73.414,54.75,43,100,3.0
120,Slave Lake,CA,2022-05-09 00:03:40,55.2834,-114.769,37.38,81,100,20.71
121,Dikson,RU,2022-05-09 00:03:41,73.5069,80.5464,32.58,97,100,23.15
122,Bluff,NZ,2022-05-09 00:03:41,-46.6,168.3333,55.8,89,100,4.92
123,Rocha,UY,2022-05-09 00:03:42,-34.4833,-54.3333,55.6,85,1,6.4
124,Saint-Pierre,RE,2022-05-09 00:00:14,-21.3393,55.4781,71.28,68,0,3.44
125,Nchelenge,ZM,2022-05-09 00:03:42,-9.3451,28.734,70.66,71,90,4.09
126,Touros,BR,2022-05-09 00:03:43,-5.1989,-35.4608,78.31,87,100,14.81
127,Nikolskoye,RU,2022-05-09 00:03:43,59.7035,30.7861,39.7,86,33,5.39
128,Spirit River,CA,2022-05-09 00:03:44,55.7833,-118.8361,34.77,83,100,18.79
129,Chegdomyn,RU,2022-05-09 00:03:44,51.1167,133.0167,51.1,46,8,0.76
130,Asosa,ET,2022-05-09 00:03:45,10.0667,34.5333,66.22,74,99,5.99
131,Yellowknife,CA,2022-05-09 00:03:22,62.456,-114.3525,27.12,80,100,29.93
132,Ahipara,NZ,2022-05-09 00:03:46,-35.1667,173.1667,67.21,73,98,11.63
133,Sioux Lookout,CA,2022-05-09 00:00:28,50.1001,-91.917,46.58,95,100,9.84
134,Fortuna,US,2022-05-09 00:03:46,40.5982,-124.1573,48.65,88,91,1.99
135,Arkansas City,US,2022-05-09 00:03:47,37.062,-97.0384,87.49,61,0,5.75
136,Nador,MA,2022-05-09 00:03:47,35.174,-2.9287,61.05,77,0,3.44
137,Dingle,PH,2022-05-09 00:01:58,10.9995,122.6711,84.06,68,84,12.75
138,Khilok,RU,2022-05-09 00:03:48,51.3674,110.4676,34.74,72,100,16.28
139,Iskateley,RU,2022-05-09 00:04:49,67.6803,53.1512,28.54,95,100,7.58
140,Torbay,CA,2022-05-09 00:04:49,47.6666,-52.7314,36.57,86,1,1.01
141,Praia,CV,2022-05-09 00:04:50,14.9215,-23.5087,70.93,81,12,14.5
142,Chernoyerkovskaya,RU,2022-05-09 00:04:50,45.4331,37.7686,50.77,70,41,5.73
143,Nanortalik,GL,2022-05-09 00:04:51,60.1432,-45.2371,36.84,90,100,2.46
144,Kandry,RU,2022-05-09 00:04:51,54.5667,54.1167,45.5,59,100,4.21
145,Longyearbyen,SJ,2022-05-09 00:04:52,78.2186,15.6401,13.84,73,75,18.41
146,Manaure,CO,2022-05-09 00:04:52,11.7751,-72.4445,85.35,63,36,9.71
147,Viedma,AR,2022-05-09 00:04:53,-40.8135,-62.9967,60.73,50,100,11.36
148,Kahului,US,2022-05-09 00:04:54,20.8947,-156.47,84.22,63,40,21.85
149,Sao Jose Da Coroa Grande,BR,2022-05-09 00:04:54,-8.8978,-35.1478,76.98,83,26,8.16
150,Coruripe,BR,2022-05-09 00:04:55,-10.1256,-36.1756,75.76,81,12,8.88
151,Cidreira,BR,2022-05-09 00:04:55,-30.1811,-50.2056,66.74,78,0,13.06
152,Ilulissat,GL,2022-05-09 00:04:56,69.2167,-51.1,26.62,80,4,0.0
153,Arraial Do Cabo,BR,2022-05-09 00:04:57,-22.9661,-42.0278,72.93,67,45,10.02
154,Muros,ES,2022-05-09 00:04:57,42.7762,-9.0603,62.17,75,54,4.18
155,Laon,FR,2022-05-09 00:04:58,49.5667,3.6667,49.96,87,0,4.61
156,Nouadhibou,MR,2022-05-09 00:04:59,20.931,-17.0347,64.71,91,26,19.53
157,Cockburn Town,TC,2022-05-09 00:04:59,21.4612,-71.1419,80.56,78,40,3.44
158,Sojat,IN,2022-05-09 00:00:54,25.9167,73.6667,82.87,34,0,9.33
159,Carnarvon,AU,2022-05-09 00:05:00,-24.8667,113.6333,73.09,54,0,9.42
160,Hasanabad,IR,2022-05-09 00:05:00,36.5465,61.0543,66.88,76,95,16.26
161,New Norfolk,AU,2022-05-09 00:05:01,-42.7826,147.0587,53.92,71,29,2.95
162,Sao Filipe,CV,2022-05-09 00:05:02,14.8961,-24.4956,72.34,78,1,8.1
163,Yanggu,CN,2022-05-09 00:05:02,36.1106,115.7753,46.08,91,100,7.27
164,Shelburne,CA,2022-05-09 00:00:51,44.0787,-80.2041,46.15,66,12,7.76
165,Lebu,CL,2022-05-09 00:05:03,-37.6167,-73.65,55.6,97,100,1.45
166,Neiafu,TO,2022-05-09 00:05:04,-18.65,-173.9833,83.08,69,75,8.05
167,Sorong,ID,2022-05-09 00:05:04,-0.8833,131.25,81.99,83,100,4.99
168,Luderitz,NA,2022-05-09 00:05:05,-26.6481,15.1594,60.91,42,58,9.64
169,Nizhniy Ingash,RU,2022-05-09 00:05:06,56.2,96.53,33.49,45,100,7.85
170,Shache,CN,2022-05-09 00:05:06,38.4167,77.2406,69.73,23,0,8.32
171,Bambous Virieux,MU,2022-05-09 00:02:00,-20.3428,57.7575,71.22,85,28,7.25
172,El Reno,US,2022-05-09 00:05:07,35.5323,-97.955,90.36,59,0,18.41
173,Talara,PE,2022-05-09 00:05:08,-4.5772,-81.2719,68.22,85,37,20.38
174,Bereda,ES,2022-05-09 00:05:09,43.2686,-7.5406,51.58,100,69,2.28
175,East London,ZA,2022-05-09 00:05:09,-33.0153,27.9116,62.37,76,87,11.41
176,Yermakovskoye,RU,2022-05-09 00:05:10,53.2831,92.4003,38.48,34,85,4.41
177,San Patricio,US,2022-05-09 00:05:10,28.017,-97.5169,86.18,67,1,18.92
178,Isla Mujeres,MX,2022-05-09 00:05:11,21.2311,-86.731,84.25,83,0,12.73
179,Linares,CL,2022-05-09 00:02:25,-35.85,-71.6,54.1,77,97,3.27
180,Manokwari,ID,2022-05-09 00:04:42,-0.8667,134.0833,85.17,69,91,10.18
181,Jiuquan,CN,2022-05-09 00:05:12,39.7432,98.5174,62.42,34,52,8.81
182,Fare,PF,2022-05-09 00:05:13,-16.7,-151.0167,81.61,75,11,10.04
183,Geraldton,AU,2022-05-09 00:01:53,-28.7667,114.6,54.01,82,0,6.91
184,Pangody,RU,2022-05-09 00:06:13,65.85,74.4859,34.7,100,100,10.83
185,Medicine Hat,CA,2022-05-09 00:02:56,50.0501,-110.6683,55.22,48,89,1.01
186,Tual,ID,2022-05-09 00:06:14,-5.6667,132.75,84.38,77,97,11.45
187,Sola,VU,2022-05-09 00:06:15,-13.8833,167.55,80.78,74,65,24.2
188,Loyga,RU,2022-05-09 00:06:15,61.0784,44.6075,37.78,97,100,8.72
189,Binghamton,US,2022-05-09 00:06:16,42.0987,-75.918,57.88,26,0,6.91
190,Sept-Iles,CA,2022-05-09 00:05:08,50.2001,-66.3821,37.08,89,25,3.49
191,Namibe,AO,2022-05-09 00:06:17,-15.1961,12.1522,73.42,58,0,8.66
192,Maldonado,UY,2022-05-09 00:06:17,-34.6667,-54.9167,59.23,86,12,5.73
193,Saldanha,ZA,2022-05-09 00:06:18,-33.0117,17.9442,57.18,86,100,6.35
194,Fairbanks,US,2022-05-09 00:06:18,64.8378,-147.7164,47.08,51,75,9.22
195,Asau,RO,2022-05-09 00:06:19,46.4333,26.4,49.95,94,98,3.09
196,Puro,PH,2022-05-09 00:06:20,12.4841,123.3827,83.19,73,54,9.37
197,Ankazoabo,MG,2022-05-09 00:06:20,-22.2833,44.5167,63.97,91,1,4.32
198,Port Elizabeth,ZA,2022-05-09 00:06:21,-33.918,25.5701,59.29,96,40,6.91
199,Katakwi,UG,2022-05-09 00:06:21,1.8911,33.9661,65.26,95,69,3.53
200,Cherskiy,RU,2022-05-09 00:06:22,68.75,161.3,28.96,84,99,15.66
201,Norman Wells,CA,2022-05-09 00:06:22,65.282,-126.8329,45.32,51,100,1.81
202,Chuy,UY,2022-05-09 00:05:31,-33.6971,-53.4616,57.6,84,6,4.85
203,Dilla,ET,2022-05-09 00:06:23,6.41,38.31,61.39,88,36,3.74
204,Kavieng,PG,2022-05-09 00:06:24,-2.5744,150.7967,84.58,67,100,17.67
205,Xai-Xai,MZ,2022-05-09 00:06:24,-25.0519,33.6442,67.93,93,76,5.55
206,Taonan,CN,2022-05-09 00:06:25,45.3333,122.7833,67.75,13,0,13.91
207,Buchanan,LR,2022-05-09 00:01:50,5.8808,-10.0467,77.32,88,100,3.44
208,Livingston,GB,2022-05-09 00:06:26,55.9029,-3.5226,53.58,86,0,5.75
209,Si Sa Ket,TH,2022-05-09 00:06:26,14.8333,104.3333,81.86,79,91,6.87
210,Quatre Cocos,MU,2022-05-09 00:06:27,-20.2078,57.7625,71.1,86,18,7.16
211,Palmer,US,2022-05-09 00:05:44,42.1584,-72.3287,52.41,36,100,1.01
212,Aksarka,RU,2022-05-09 00:06:28,66.5606,67.7975,35.2,100,100,10.16
213,Aljezur,PT,2022-05-09 00:06:28,37.3191,-8.8033,62.15,69,3,5.99
214,Barber,CW,2022-05-09 00:06:29,12.2833,-69.0667,80.26,85,54,20.85
215,Bowen,AU,2022-05-09 00:06:29,-20.0167,148.2333,76.84,80,94,18.75
216,Port Lincoln,AU,2022-05-09 00:06:30,-34.7333,135.8667,60.66,65,99,6.6
217,La Ronge,CA,2022-05-09 00:06:31,55.1001,-105.2842,52.36,38,85,14.2
218,Sinnamary,GF,2022-05-09 00:06:31,5.3833,-52.95,78.37,86,30,10.4
219,Lagos,NG,2022-05-09 00:05:11,6.5833,3.75,79.79,88,47,5.66
220,Saint-Louis,SN,2022-05-09 00:02:15,16.3333,-15.0,78.49,37,16,10.09
221,Yerbogachen,RU,2022-05-09 00:06:32,61.2767,108.0108,28.63,74,100,10.27
222,Acapulco,MX,2022-05-09 00:03:16,16.8634,-99.8901,83.03,65,33,9.06
223,Koppies,ZA,2022-05-09 00:06:33,-27.2418,27.5742,48.22,88,56,2.59
224,Gawan,IN,2022-05-09 00:06:34,28.4333,78.35,82.06,26,0,5.7
225,Port Blair,IN,2022-05-09 00:06:34,11.6667,92.75,83.14,81,97,16.53
226,Poum,NC,2022-05-09 00:06:35,-20.2333,164.0167,77.52,59,100,21.59
227,Kamenka,RU,2022-05-09 00:06:36,51.3223,42.7678,46.81,53,0,1.01
228,Bundaberg,AU,2022-05-09 00:07:36,-24.85,152.35,73.22,88,75,12.66
229,Fallon,US,2022-05-09 00:06:36,39.4735,-118.7774,48.07,41,75,24.16
230,Ambon,ID,2022-05-09 00:07:37,-3.6954,128.1814,80.74,94,40,2.3
231,Broome,US,2022-05-09 00:06:44,42.2506,-75.833,57.97,26,0,6.91
232,Zharkent,KZ,2022-05-09 00:07:38,44.1628,80.0,68.31,41,1,3.33
233,Belaya Gora,RU,2022-05-09 00:07:38,68.5333,146.4167,31.35,91,78,6.87
234,Ostrovnoy,RU,2022-05-09 00:07:22,68.0531,39.5131,26.96,80,51,8.52
235,Baoning,CN,2022-05-09 00:07:39,25.3378,110.026,69.67,98,100,2.19
236,Husavik,IS,2022-05-09 00:06:05,66.0449,-17.3389,43.75,88,96,5.95
237,Klaksvik,FO,2022-05-09 00:07:40,62.2266,-6.589,47.32,97,100,21.92
238,Ponta Do Sol,PT,2022-05-09 00:05:46,32.6667,-17.1,63.23,72,55,6.4
239,Bairiki,KI,2022-05-09 00:07:41,1.3292,172.9752,81.28,78,35,19.06
240,Hangu,CN,2022-05-09 00:07:42,39.2489,117.7892,53.64,67,100,2.33
241,Elbistan,TR,2022-05-09 00:07:42,38.2059,37.1983,48.47,63,53,1.86
242,Havre,FR,2022-05-09 00:07:43,49.5833,0.3333,50.4,87,0,5.75
243,Pandharpur,IN,2022-05-09 00:07:43,17.6667,75.3333,89.15,34,98,14.9
244,Newport Beach,US,2022-05-09 00:07:44,33.6189,-117.9289,72.34,61,20,7.0
245,Mayumba,GA,2022-05-09 00:07:45,-3.432,10.6554,76.42,91,37,4.99
246,Mezen,RU,2022-05-09 00:07:46,65.8522,44.24,27.66,96,89,5.06
247,Kindu,CD,2022-05-09 00:07:46,-2.95,25.95,69.44,97,98,2.3
248,Kochi,IN,2022-05-09 00:07:47,9.9399,76.2602,76.98,83,99,9.78
249,Anadyr,RU,2022-05-09 00:07:47,64.75,177.4833,35.01,83,63,17.0
250,Salalah,OM,2022-05-09 00:04:05,17.0151,54.0924,82.49,74,20,2.3
251,Verkhoyansk,RU,2022-05-09 00:07:48,67.5447,133.385,33.51,100,100,1.74
252,Naze,JP,2022-05-09 00:07:49,28.3667,129.4833,72.52,86,93,5.93
253,Tuatapere,NZ,2022-05-09 00:07:49,-46.1333,167.6833,54.64,89,98,5.19
254,Trincomalee,LK,2022-05-09 00:06:13,8.5711,81.2335,83.48,79,100,19.57
255,Victoria,HK,2022-05-09 00:07:51,22.2855,114.1577,77.97,82,100,4.0
256,Tiksi,RU,2022-05-09 00:07:52,71.6872,128.8694,12.52,86,53,4.45
257,Lompoc,US,2022-05-09 00:05:35,34.6391,-120.4579,66.56,65,0,25.32
258,Berdigestyakh,RU,2022-05-09 00:07:52,62.0989,126.6992,37.53,73,83,11.01
259,Asyut,EG,2022-05-09 00:07:53,27.181,31.1837,83.12,16,93,4.81
260,Kuzhener,RU,2022-05-09 00:07:53,56.8111,48.9128,42.98,72,50,7.63
261,Liepaja,LV,2022-05-09 00:07:54,56.5419,21.0367,28.38,93,0,0.0
262,Constitucion,CL,2022-05-09 00:07:54,-35.3333,-72.4167,53.49,94,97,4.25
263,Kilindoni,TZ,2022-05-09 00:07:55,-7.9139,39.6668,81.32,73,59,16.44
264,Kati,ML,2022-05-09 00:07:56,12.7441,-8.0726,74.61,26,99,9.01
265,Sesheke,ZM,2022-05-09 00:07:56,-17.4759,24.2968,62.11,42,0,3.71
266,Mount Isa,AU,2022-05-09 00:07:57,-20.7333,139.5,76.77,61,75,9.22
267,Murray,US,2022-05-09 00:07:58,40.6669,-111.888,51.51,53,100,17.27
268,Aragarcas,BR,2022-05-09 00:07:58,-15.8975,-52.2508,76.77,56,0,0.81
269,Taoudenni,ML,2022-05-09 00:07:59,22.6783,-3.9836,84.33,10,30,10.92
270,Celestun,MX,2022-05-09 00:07:59,20.8667,-90.4,84.78,74,0,15.08
271,Beira,MZ,2022-05-09 00:08:00,-19.8436,34.8389,69.39,87,3,6.11
272,Rosarito,MX,2022-05-09 00:08:01,32.3333,-117.0333,65.41,66,77,14.2
273,Antalaha,MG,2022-05-09 00:09:01,-14.9003,50.2788,73.09,88,10,6.15
274,Puerto Suarez,BO,2022-05-09 00:09:02,-18.95,-57.8,74.23,46,1,3.96
275,Kalemie,CD,2022-05-09 00:09:03,-5.9475,29.1947,70.16,85,96,1.77
276,Cap Malheureux,MU,2022-05-09 00:09:03,-19.9842,57.6142,71.47,80,2,1.99
277,Bosaso,SO,2022-05-09 00:04:40,11.2842,49.1816,82.62,68,5,2.91
278,Gornoye Loo,RU,2022-05-09 00:09:04,43.7129,39.6049,51.58,92,100,3.98
279,Lanigan,CA,2022-05-09 00:09:05,51.8501,-105.0344,56.41,46,70,6.8
280,Ryotsu,JP,2022-05-09 00:09:05,38.0833,138.4333,56.75,50,100,2.64
281,Pasighat,IN,2022-05-09 00:09:06,28.0667,95.3333,74.98,72,29,2.86
282,Kodiak,US,2022-05-09 00:09:07,57.79,-152.4072,53.11,37,0,16.11
283,Necochea,AR,2022-05-09 00:09:08,-38.5473,-58.7368,62.11,78,40,7.63
284,Jalu,LY,2022-05-09 00:09:08,29.0331,21.5482,70.11,30,0,11.92
285,La Asuncion,VE,2022-05-09 00:09:09,11.0333,-63.8628,78.04,88,11,14.36
286,Semirom,IR,2022-05-09 00:09:09,31.4167,51.5667,41.2,39,0,4.27
287,Valparaiso,CL,2022-05-09 00:09:10,-33.0393,-71.6273,57.47,77,40,3.44
288,Santa Isabel Do Rio Negro,BR,2022-05-09 00:09:10,-0.4139,-65.0192,73.9,97,47,2.17
289,Waingapu,ID,2022-05-09 00:09:11,-9.6567,120.2641,82.63,74,30,15.19
290,Zhicheng,CN,2022-05-09 00:09:12,30.2956,111.5047,61.16,76,100,4.63
291,Lakes Entrance,AU,2022-05-09 00:09:12,-37.8811,147.981,59.16,67,7,3.09
292,Puerto Penasco,MX,2022-05-09 00:09:13,31.3167,-113.5333,74.91,72,0,20.0
293,Rawson,AR,2022-05-09 00:09:13,-43.3002,-65.1023,58.28,39,24,6.69
294,Faya,SA,2022-05-09 00:09:14,18.3851,42.4509,64.92,54,1,1.28
295,Sao Felix Do Xingu,BR,2022-05-09 00:07:54,-6.6447,-51.995,75.25,82,84,2.08
296,Aitape,PG,2022-05-09 00:09:15,-3.1374,142.3475,83.8,79,100,6.87
297,Williston,US,2022-05-09 00:04:36,48.147,-103.618,61.54,55,68,1.99
298,Chokurdakh,RU,2022-05-09 00:04:41,70.6333,147.9167,19.51,85,68,10.09
299,Tommot,RU,2022-05-09 00:09:16,58.9564,126.2925,37.58,96,100,5.46
300,Noyabrsk,RU,2022-05-09 00:09:16,63.1994,75.4507,34.54,100,100,12.62
301,Hobyo,SO,2022-05-09 00:09:17,5.3505,48.5268,83.5,77,94,16.82
302,Lata,PT,2022-05-09 00:09:17,40.1629,-8.3327,59.07,78,9,1.97
303,Adre,TD,2022-05-09 00:09:18,13.4667,22.2,80.47,8,4,7.27
304,Smithers,CA,2022-05-09 00:09:19,54.7804,-127.1743,55.72,35,75,8.05
305,Liverpool,GB,2022-05-09 00:09:20,53.4106,-2.9779,57.65,82,40,4.61
306,Kenai,US,2022-05-09 00:09:20,60.5544,-151.2583,57.02,49,0,13.8
307,Kiama,AU,2022-05-09 00:09:21,-34.6833,150.8667,60.39,90,95,3.0
308,Falmouth,GB,2022-05-09 00:08:25,50.1544,-5.0711,50.9,93,72,10.92
309,Lamu,KE,2022-05-09 00:09:22,-2.2717,40.902,80.15,83,84,16.46
310,Beringovskiy,RU,2022-05-09 00:09:22,63.05,179.3167,36.12,70,36,22.86
311,Bengkulu,ID,2022-05-09 00:06:25,-3.8004,102.2655,77.76,78,84,3.2
312,Pemangkat,ID,2022-05-09 00:07:34,1.1667,108.9667,78.89,83,100,7.58
313,Tres Marias,MX,2022-05-09 00:09:23,19.0522,-99.2431,72.46,43,85,4.83
314,Severnoye,RU,2022-05-09 00:09:24,56.3491,78.3619,43.57,65,93,2.37
315,Bud,US,2022-05-09 00:09:25,39.447,-86.1758,68.02,49,81,7.92
316,Ormara,PK,2022-05-09 00:09:25,25.2088,64.6357,80.67,82,0,11.14
317,Mana,GF,2022-05-09 00:09:26,5.6592,-53.7767,77.7,86,37,8.81
318,Porto Seguro,BR,2022-05-09 00:05:53,-16.4497,-39.0647,74.55,86,100,10.51
319,Ola,RU,2022-05-09 00:05:36,59.5833,151.2833,46.15,68,84,9.15
320,Vardo,NO,2022-05-09 00:10:27,70.3705,31.1107,28.38,80,20,17.27
321,Pevek,RU,2022-05-09 00:10:28,69.7008,170.3133,23.54,80,100,7.18
322,Las Margaritas,MX,2022-05-09 00:08:35,16.3167,-91.9833,74.68,56,58,2.39
323,Adrar,MR,2022-05-09 00:10:29,20.5022,-10.0711,88.29,13,25,9.89
324,Eyl,SO,2022-05-09 00:10:29,7.9803,49.8164,82.49,82,46,8.97
325,Wawa,NG,2022-05-09 00:10:30,9.9022,4.4192,81.34,69,96,5.28
326,Yulara,AU,2022-05-09 00:09:53,-25.2406,130.9889,56.28,30,100,10.02
327,Zapolyarnyy,RU,2022-05-09 00:10:31,69.4154,30.8136,31.28,88,92,5.79
328,Panzos,GT,2022-05-09 00:11:32,15.4,-89.6667,84.97,80,71,1.81
329,Westerly,US,2022-05-09 00:11:33,41.3776,-71.8273,50.9,41,0,15.01
330,Ciudad Bolivar,VE,2022-05-09 00:11:34,8.1222,-63.5497,82.08,70,70,11.21
331,Itaituba,BR,2022-05-09 00:11:34,-4.2761,-55.9836,74.55,98,79,1.28
332,Avera,US,2022-05-09 00:11:35,33.194,-82.5271,67.51,59,65,5.14
333,Achit,RU,2022-05-09 00:11:36,56.7985,57.8994,43.54,72,8,2.8
334,Roald,NO,2022-05-09 00:11:36,62.5833,6.1333,50.92,66,100,11.5
335,Ihosy,MG,2022-05-09 00:11:37,-22.4,46.1167,63.82,84,37,1.45
336,Maniitsoq,GL,2022-05-09 00:11:37,65.4167,-52.9,27.95,86,34,14.81
337,Kapoeta,SS,2022-05-09 00:11:38,4.7717,33.5903,77.67,64,64,0.18
338,Teluk Nibung,ID,2022-05-09 00:11:39,3.001,99.8164,77.52,91,100,5.59
339,Hamilton,US,2022-05-09 00:07:53,39.1834,-84.5333,66.0,53,0,8.05
340,Riyadh,SA,2022-05-09 00:08:55,24.6877,46.7219,73.54,25,0,6.35
341,Calvinia,ZA,2022-05-09 00:11:40,-31.4707,19.776,51.01,57,64,2.57
342,San Cristobal,VE,2022-05-09 00:11:40,7.7669,-72.225,67.87,98,77,3.47
343,College,US,2022-05-09 00:11:41,64.8569,-147.8028,47.07,51,75,9.22
344,Surt,LY,2022-05-09 00:11:42,31.2089,16.5887,64.17,77,0,5.95
345,San Felix,UY,2022-05-09 00:11:42,-32.3333,-58.1333,59.38,86,67,5.57
346,Krasnaya Poyma,RU,2022-05-09 00:11:43,55.0014,39.08,46.36,97,100,9.17
347,Cavalcante,BR,2022-05-09 00:11:44,-13.7975,-47.4583,71.33,62,46,4.0
348,Belem De Sao Francisco,BR,2022-05-09 00:11:44,-8.7539,-38.9658,78.12,56,87,18.05
349,Santa Catarina De Tepehuanes,MX,2022-05-09 00:11:45,25.35,-105.7333,80.22,13,53,21.54
350,Umm Lajj,SA,2022-05-09 00:11:46,25.0213,37.2685,80.87,37,69,7.87
351,Boa Vista,BR,2022-05-09 00:11:46,2.8197,-60.6733,74.75,93,99,3.6
352,Chumikan,RU,2022-05-09 00:11:47,54.7183,135.315,34.61,93,60,4.0
353,Changqing,CN,2022-05-09 00:11:48,36.5575,116.7272,49.5,77,100,5.08
354,Salamiyah,SY,2022-05-09 00:11:48,35.0113,37.0532,57.0,55,3,4.74
355,Kloulklubed,PW,2022-05-09 00:11:49,7.0419,134.2556,77.5,88,100,18.03
356,Nalut,LY,2022-05-09 00:11:50,30.3333,10.85,63.25,53,0,9.01
357,Xining,CN,2022-05-09 00:11:50,36.6167,101.7667,48.97,67,1,2.59
358,Nome,US,2022-05-09 00:11:51,64.5011,-165.4064,33.87,86,100,19.57
359,Mirabad,AF,2022-05-09 00:11:52,30.4362,61.8383,83.88,19,2,3.2
360,Klyuchi,RU,2022-05-09 00:11:53,52.2667,79.1667,46.4,55,8,4.45
361,Revelstoke,CA,2022-05-09 00:11:53,50.9832,-118.2023,47.86,88,76,2.75
362,Deputatskiy,RU,2022-05-09 00:11:54,69.3,139.9,18.57,93,100,4.47
363,Varhaug,NO,2022-05-09 00:11:55,58.6147,5.6457,42.89,70,97,3.53
364,Armizonskoye,RU,2022-05-09 00:11:56,55.9461,67.6736,49.12,46,87,5.59
365,Iqaluit,CA,2022-05-09 00:11:56,63.7506,-68.5145,29.7,68,91,8.01
366,Phan Thiet,VN,2022-05-09 00:08:55,10.9333,108.1,79.9,84,100,4.5
367,Mahanoro,MG,2022-05-09 00:11:57,-19.9,48.8,71.49,92,12,4.0
368,Olafsvik,IS,2022-05-09 00:11:58,64.8945,-23.7142,43.99,91,100,16.62
369,Kurumkan,RU,2022-05-09 00:11:58,54.3,110.3,39.97,47,98,8.79
370,Qaqortoq,GL,2022-05-09 00:11:59,60.7167,-46.0333,35.76,87,84,3.91
371,Bhimunipatnam,IN,2022-05-09 00:11:59,17.8833,83.4333,83.71,74,99,10.47
372,Palaikastron,GR,2022-05-09 00:12:00,35.2,26.25,60.31,90,37,8.81
373,Bukachacha,RU,2022-05-09 00:12:01,52.9833,116.9167,54.19,37,91,4.81
374,Bougouni,ML,2022-05-09 00:13:01,11.417,-7.479,83.14,54,94,4.76
375,Roscommon,IE,2022-05-09 00:13:02,53.6333,-8.1833,53.51,87,100,13.65
376,Faanui,PF,2022-05-09 00:13:03,-16.4833,-151.75,82.29,74,5,12.01
377,Dombarovskiy,RU,2022-05-09 00:13:03,50.7587,59.5386,46.54,42,62,15.08
378,Muborak,UZ,2022-05-09 00:13:04,39.2553,65.1528,81.75,31,99,7.65
379,Krasnyy Chikoy,RU,2022-05-09 00:12:15,50.3643,108.7512,35.51,81,100,12.8
380,Honiara,SB,2022-05-09 00:13:05,-9.4333,159.95,86.7,69,99,10.25
381,Huarmey,PE,2022-05-09 00:13:05,-10.0681,-78.1522,66.02,88,68,8.23
382,Douglas,US,2022-05-09 00:08:12,41.3,-96.167,68.56,82,100,9.22
383,Seredeyskiy,RU,2022-05-09 00:13:06,54.0507,35.2318,44.67,89,100,13.22
384,Terrace Bay,CA,2022-05-09 00:13:07,48.7834,-87.1,41.99,72,100,11.88
385,Santo Antonio Do Leverger,BR,2022-05-09 00:13:08,-15.8656,-56.0767,72.39,45,8,1.23
386,Harnosand,SE,2022-05-09 00:13:08,62.6323,17.9379,37.42,64,100,7.2
387,Hammerfest,NO,2022-05-09 00:13:09,70.6634,23.6821,34.25,75,100,19.57
388,Jurbarkas,LT,2022-05-09 00:13:10,55.0778,22.7664,35.71,68,65,6.22
389,Newark,US,2022-05-09 00:12:33,40.7357,-74.1724,57.67,36,75,15.01
390,Bouake,CI,2022-05-09 00:13:10,7.6895,-5.0218,74.7,90,80,6.85
391,Ahuimanu,US,2022-05-09 00:13:11,21.4447,-157.8378,83.91,69,75,16.11
392,Fort Smith,US,2022-05-09 00:12:54,35.3859,-94.3986,84.52,61,0,9.22
393,Ossora,RU,2022-05-09 00:13:12,59.2353,163.0719,33.98,98,100,3.56
394,Tyukhtet,RU,2022-05-09 00:13:13,56.5389,89.3011,32.7,48,0,6.08
395,Murray Bridge,AU,2022-05-09 00:13:13,-35.1167,139.2667,60.12,54,79,7.23
396,Paita,PE,2022-05-09 00:13:14,-5.0892,-81.1144,69.53,77,67,19.71
397,Zatoka,UA,2022-05-09 00:13:15,46.0725,30.4654,51.31,61,1,6.2
398,Sitka,US,2022-05-09 00:13:15,57.0531,-135.33,51.69,62,0,20.71
399,Chernyshevskiy,RU,2022-05-09 00:12:23,63.0128,112.4714,23.59,78,100,11.52
400,Lahaina,US,2022-05-09 00:11:54,20.8783,-156.6825,84.2,80,15,8.43
401,Knysna,ZA,2022-05-09 00:13:17,-34.0363,23.0471,56.79,70,74,3.69
402,Neuquen,AR,2022-05-09 00:13:17,-38.9516,-68.0591,63.75,44,100,10.16
403,Marshall,US,2022-05-09 00:13:18,34.3834,-86.3333,73.71,64,0,3.44
404,Kruisfontein,ZA,2022-05-09 00:13:19,-34.0033,24.7314,53.29,69,58,5.39
405,Elizabeth City,US,2022-05-09 00:13:20,36.2946,-76.2511,51.03,92,100,21.85
406,Kiruna,SE,2022-05-09 00:13:20,67.8557,20.2251,27.52,80,20,10.36
407,Bibiani,GH,2022-05-09 00:13:21,6.4635,-2.3194,73.45,98,92,2.33
408,Upernavik,GL,2022-05-09 00:13:21,72.7868,-56.1549,12.18,85,18,5.01
409,Progreso,MX,2022-05-09 00:13:22,21.2833,-89.6667,95.11,78,0,16.04
410,Dhanera,IN,2022-05-09 00:13:23,24.5167,72.0167,78.73,62,0,2.64
411,Pochutla,MX,2022-05-09 00:13:24,15.7432,-96.4661,84.81,55,70,6.44
412,Salvador,SV,2022-05-09 00:13:25,13.8333,-88.9167,79.2,84,84,3.85
413,Barra De Sao Francisco,BR,2022-05-09 00:13:25,-18.755,-40.8908,66.42,94,25,2.53
414,Mandera,KE,2022-05-09 00:13:26,3.9366,41.867,81.1,69,20,12.88
415,Ancud,CL,2022-05-09 00:13:27,-41.8697,-73.8203,50.43,89,71,5.35
416,Orlik,RU,2022-05-09 00:13:28,52.5178,99.825,25.99,52,100,7.23
417,Ponta Delgada,PT,2022-05-09 00:13:28,37.7333,-25.6667,63.5,82,20,2.3
418,Iquique,CL,2022-05-09 00:12:20,-20.2208,-70.1431,64.44,79,36,4.16
419,Oussouye,SN,2022-05-09 00:13:29,12.485,-16.5469,75.02,70,34,8.59
420,Minnedosa,CA,2022-05-09 00:13:30,50.2453,-99.8436,61.57,37,68,5.48
421,North Bend,US,2022-05-09 00:10:50,43.4065,-124.2243,49.91,84,20,12.66
422,Vytegra,RU,2022-05-09 00:14:35,61.0064,36.4481,32.45,94,70,2.13
423,Lorengau,PG,2022-05-09 00:14:35,-2.0226,147.2712,86.13,66,67,15.55
424,Bondo,CD,2022-05-09 00:14:36,3.8146,23.6866,69.03,97,75,2.93
425,Dwarka,IN,2022-05-09 00:14:36,22.2394,68.9678,81.07,78,0,16.28
426,Nhulunbuy,AU,2022-05-09 00:14:37,-12.2333,136.7667,81.21,89,40,16.11
427,Benguela,AO,2022-05-09 00:14:37,-12.5763,13.4055,74.03,81,3,0.67
428,Bousse,BF,2022-05-09 00:14:38,12.6606,-1.8922,91.06,27,21,3.83
429,Krasnoselkup,RU,2022-05-09 00:14:38,65.7,82.4667,27.34,96,100,12.95
430,Port Augusta,AU,2022-05-09 00:14:39,-32.5,137.7667,60.67,55,84,3.96
431,Pedernales,DO,2022-05-09 00:14:39,18.0384,-71.744,79.68,73,3,3.78
432,Marovoay,MG,2022-05-09 00:14:40,-16.1,46.6333,75.99,81,61,2.53
433,Mareeba,AU,2022-05-09 00:14:40,-17.0,145.4333,75.43,92,22,12.21
434,Kutum,SD,2022-05-09 00:14:41,14.2,24.6667,75.07,9,18,8.81
435,Beisfjord,NO,2022-05-09 00:14:41,68.3751,17.5988,37.04,97,100,4.68
436,Walvis Bay,NA,2022-05-09 00:14:42,-22.9575,14.5053,59.99,62,0,7.36
437,Nuuk,GL,2022-05-09 00:14:42,64.1835,-51.7216,30.81,93,100,12.66
438,Polis,CY,2022-05-09 00:14:43,35.0367,32.4264,62.42,61,72,2.71
439,Christchurch,NZ,2022-05-09 00:14:44,-43.5333,172.6333,63.91,83,75,6.91
440,Nsoko,SZ,2022-05-09 00:14:45,-27.0333,31.95,60.35,94,98,4.21
441,Raga,SS,2022-05-09 00:14:45,8.4596,25.678,76.46,71,92,5.61
442,Zatec,CZ,2022-05-09 00:14:46,50.3272,13.5458,54.88,88,43,3.58
443,Katobu,ID,2022-05-09 00:14:46,-4.9408,122.5276,78.98,87,100,1.1
444,Oistins,BB,2022-05-09 00:13:15,13.0667,-59.5333,80.69,78,20,16.11
445,Maragogi,BR,2022-05-09 00:14:47,-9.0122,-35.2225,76.53,84,16,7.18
446,Coihaique,CL,2022-05-09 00:14:09,-45.5752,-72.0662,45.21,70,75,3.44
447,Sorland,NO,2022-05-09 00:14:48,67.667,12.6934,40.86,80,100,15.23
448,Kyabe,TD,2022-05-09 00:14:49,9.4515,18.9449,85.68,44,43,6.98
449,Tessaoua,NE,2022-05-09 00:14:49,13.7574,7.9874,87.33,32,30,5.55
450,Madimba,TZ,2022-05-09 00:14:50,-10.4,40.3333,73.0,91,56,8.12
451,Vitim,RU,2022-05-09 00:12:16,59.4511,112.5578,33.46,83,99,10.56
452,Kavaratti,IN,2022-05-09 00:10:17,10.5669,72.642,85.62,66,95,15.48
453,Caceres,ES,2022-05-09 00:14:51,39.522,-6.3748,63.73,43,8,1.9
454,Dolgoderevenskoye,RU,2022-05-09 00:14:52,55.3444,61.3444,48.54,34,99,6.71
455,Namtsy,RU,2022-05-09 00:14:52,62.7161,129.6658,39.4,77,100,10.2
456,Wajima,JP,2022-05-09 00:14:53,37.4,136.9,57.0,54,100,8.9
457,Uvira,CD,2022-05-09 00:14:53,-3.4067,29.1458,71.56,86,79,4.25
458,Yakuplu,TR,2022-05-09 00:14:58,40.9889,28.6758,51.15,76,0,16.11
459,Hambantota,LK,2022-05-09 00:14:59,6.1241,81.1185,82.53,81,92,19.37
460,Sao Joao Da Barra,BR,2022-05-09 00:14:59,-21.6403,-41.0511,70.38,77,8,10.76
461,Nuevitas,CU,2022-05-09 00:15:00,21.5453,-77.2644,81.23,69,36,4.05
462,La Reforma,MX,2022-05-09 00:15:00,25.0833,-108.05,83.44,40,49,10.65
463,Ngunguru,NZ,2022-05-09 00:15:01,-35.6167,174.5,66.4,67,100,10.56
464,Urumqi,CN,2022-05-09 00:15:02,43.801,87.6005,52.75,33,0,4.47
465,Gimli,CA,2022-05-09 00:15:02,50.6336,-96.9907,56.12,55,69,1.07
466,Mogadishu,SO,2022-05-09 00:13:07,2.0371,45.3438,81.59,86,72,17.02
467,Santa Cruz,BO,2022-05-09 00:13:52,-17.8,-63.1667,72.86,78,27,8.05
468,Andenes,NO,2022-05-09 00:16:03,69.3143,16.1194,33.78,93,100,11.5
469,Kuytun,RU,2022-05-09 00:16:04,54.3419,101.5036,31.37,61,88,11.83
470,Kawalu,ID,2022-05-09 00:16:04,-7.3817,108.2082,75.74,90,84,1.16
471,Taltal,CL,2022-05-09 00:16:05,-25.4,-70.4833,62.02,72,1,0.94
472,Labuhan,ID,2022-05-09 00:16:05,-6.8844,112.2051,80.15,83,99,3.76
473,Bakchar,RU,2022-05-09 00:16:06,57.0186,82.0711,35.51,75,5,2.77
474,Puerto Leguizamo,CO,2022-05-09 00:16:07,-0.1934,-74.7819,73.17,92,85,1.45
475,Bonfim,BR,2022-05-09 00:16:07,3.0833,-59.95,74.95,93,100,4.68
476,Karratha,AU,2022-05-09 00:16:08,-20.7377,116.8463,77.59,33,100,16.69
477,Makakilo City,US,2022-05-09 00:16:08,21.3469,-158.0858,82.72,56,75,16.11
478,Yuci,CN,2022-05-09 00:16:09,37.6803,112.7319,46.15,81,100,6.71
479,Mount Gambier,AU,2022-05-09 00:16:09,-37.8333,140.7667,54.64,64,72,4.5
480,Pedasi,PA,2022-05-09 00:16:10,7.5333,-80.0333,80.06,76,42,6.11
481,Nangan,PH,2022-05-09 00:16:10,6.4726,126.1244,76.35,92,100,9.31
482,Grootfontein,NA,2022-05-09 00:16:11,-19.5667,18.1167,53.17,54,0,3.44
483,Korla,CN,2022-05-09 00:16:11,41.7597,86.1469,67.03,47,0,5.5
484,Antsohihy,MG,2022-05-09 00:16:12,-14.8796,47.9875,72.79,93,11,3.4
485,Yantzaza,EC,2022-05-09 00:16:13,-3.8278,-78.7594,69.19,97,92,0.69
486,Chulman,RU,2022-05-09 00:16:13,56.8479,124.9104,34.39,98,100,4.76
487,Vadso,NO,2022-05-09 00:16:14,70.0744,29.7487,33.96,69,75,16.11
488,La Marque,US,2022-05-09 00:16:14,29.3686,-94.9713,83.17,82,75,18.41
489,Hede,CN,2022-05-09 00:16:15,33.7681,120.2517,58.17,66,88,12.66
490,Zeya,RU,2022-05-09 00:16:16,53.75,127.2667,57.33,30,88,6.71
491,Labrea,BR,2022-05-09 00:16:16,-7.2586,-64.7981,74.19,98,29,1.45
492,Palestine,PS,2022-05-09 00:16:17,31.9216,35.2033,54.93,57,4,2.13
493,Kharp,RU,2022-05-09 00:16:17,66.8014,65.8081,33.85,99,100,1.5
494,Batticaloa,LK,2022-05-09 00:16:18,7.7102,81.6924,82.29,77,100,7.18
495,Sandwick,GB,2022-05-09 00:16:19,60.0,-1.25,48.02,87,100,17.27
496,Alugan,PH,2022-05-09 00:16:20,12.2188,125.4808,82.99,72,76,10.18
497,Champerico,GT,2022-05-09 00:16:20,14.3,-91.9167,85.42,69,61,6.42
498,Vanimo,PG,2022-05-09 00:16:21,-2.6741,141.3028,84.33,75,100,7.29
499,Barstow,US,2022-05-09 00:16:21,34.8986,-117.0228,72.59,20,0,42.01
500,Qasigiannguit,GL,2022-05-09 00:16:22,68.8193,-51.1922,26.85,90,5,4.5
501,Kampene,CD,2022-05-09 00:16:22,-3.6,26.6667,69.67,95,100,1.12
502,Inhambane,MZ,2022-05-09 00:16:23,-23.865,35.3833,71.17,81,0,5.32
503,Soyo,AO,2022-05-09 00:16:23,-6.1349,12.3689,77.4,93,14,5.37
504,Las Vegas,US,2022-05-09 00:15:42,36.175,-115.1372,83.64,11,100,37.98
505,Billings,US,2022-05-09 00:16:24,45.7833,-108.5007,57.29,39,75,9.22
506,Powell River,CA,2022-05-09 00:16:25,49.8496,-124.5361,56.34,54,40,9.22
507,Chicama,PE,2022-05-09 00:16:25,-7.8447,-79.1469,59.54,84,94,9.24
508,Paamiut,GL,2022-05-09 00:16:26,61.994,-49.6678,31.68,91,100,18.77
509,Fengzhen,CN,2022-05-09 00:16:26,40.4394,113.1536,49.6,54,100,7.76
510,Buala,SB,2022-05-09 00:16:27,-8.145,159.5921,83.79,77,98,9.8
511,Nizwa,OM,2022-05-09 00:13:09,22.9333,57.5333,80.96,28,0,1.41
512,Euclides Da Cunha,BR,2022-05-09 00:16:27,-10.5075,-39.0158,67.23,91,84,6.17
513,Abha,SA,2022-05-09 00:16:28,18.2164,42.5053,66.02,68,0,0.0
514,Suruc,TR,2022-05-09 00:17:28,36.9761,38.425,58.73,57,23,2.73
515,Songkhla,TH,2022-05-09 00:13:30,6.8333,100.6667,78.85,95,100,1.07
516,Malpe,IN,2022-05-09 00:17:29,13.35,74.7167,83.5,80,100,7.23
517,Ormenis,RO,2022-05-09 00:17:30,46.0167,25.55,52.02,90,67,2.53
518,Makaha,US,2022-05-09 00:17:30,21.4694,-158.2175,84.11,54,40,10.36
519,Chippewa Falls,US,2022-05-09 00:17:31,44.9369,-91.3929,65.17,42,100,12.66
520,Leh,IN,2022-05-09 00:17:31,34.1667,77.5833,43.57,54,4,4.23
521,Ugoofaaru,MV,2022-05-09 00:17:32,5.6667,73.0,84.83,72,100,18.79
522,Warrenton,ZA,2022-05-09 00:17:32,-28.114,24.8475,50.97,49,9,5.28
523,Fukue,JP,2022-05-09 00:17:33,32.6881,128.8419,66.56,63,0,14.97
524,San Ramon,US,2022-05-09 00:13:45,37.7799,-121.978,60.28,53,20,23.02
525,Katangli,RU,2022-05-09 00:17:34,51.7102,143.2326,32.14,100,97,14.52
526,Salinas,US,2022-05-09 00:17:14,36.6777,-121.6555,63.21,54,0,14.97
527,Abu Dhabi,AE,2022-05-09 00:13:23,24.4667,54.3667,84.22,66,0,6.91
528,Shaunavon,CA,2022-05-09 00:17:35,49.6501,-108.4181,53.82,38,98,4.12
529,Oyek,RU,2022-05-09 00:17:35,52.5861,104.4556,34.18,50,52,14.45
530,Kanniyakumari,IN,2022-05-09 00:17:36,8.0833,77.5667,83.3,80,94,16.89
